{
    "EXCHANGE_RATES": {
        "BNB": {
            "BTC": 0.0000001,
            "USDT": 0.0000001
        },
        "BTC": {
            "BNB": 0.0000001,
            "ETH": 0.0000001,
            "LTC": 0.0000001,
            "TRX": 0.0000001,
            "USDC": 0.0000001,
            "USDT": 0.0000001,
            "UAH": 0.0000001
        },
        "ETH": {
            "BTC": 0.0000001,
            "TRX": 0.0000001,
            "USDC": 0.0000001,
            "USDT": 0.0000001,
            "UAH": 0.0000001
        },
        "LTC": {
            "BTC": 0.0000001,
            "USDT": 0.0000001,
            "UAH": 0.0000001
        },
        "TRX": {
            "BTC": 0.0000001,
            "ETH": 0.0000001,
            "USDT": 0.0000001
        },
        "UAH": {
            "BTC": 0.0000001,
            "ETH": 0.0000001,
            "LTC": 0.0000001,
            "USDT": 0.0000001
        },
        "USDC": {
            "BTC": 0.0000001,
            "ETH": 0.0000001,
            "USDT": 0.0000001
        },
        "USDT": {
            "BNB": 0.0000001,
            "BTC": 0.0000001,
            "ETH": 0.0000001,
            "LTC": 0.0000001,
            "TRX": 0.0000001,
            "UAH": 0.0000001,
            "USDC": 0.0000001
        }
    },
    "DEPOSIT_FEES": {
        "BNB": 0.1,
        "BTC": 0.1,
        "USDT ERC20": 0.1,
        "USDT TRC20": 0.1,
        "USDT BEP20": 0.1,
        "UAH": 0.1,
        "ETH": 0.1,
        "USDC ERC20": 0.1,
        "USDC TRC20": 0.1,
        "LTC": 0.1,
        "TRX": 0.1
    },
    "WITHDRAW_FEES": {
        "BNB": 0.1,
        "BTC": 0.1,
        "USDT ERC20": 0.1,
        "USDT TRC20": 0.1,
        "USDT BEP20": 0.1,
        "UAH": 0.1,
        "ETH": 0.1,
        "USDC ERC20": 0.1,
        "USDC TRC20": 0.1,
        "LTC": 0.1,
        "TRX": 0.1
    }
}